customer_id,Customer Name,City,Country,Latitude,Longitude,Channel
CUST-5704,"Zieme, Doyle and Kunze ",Lublin,Poland,51.2333,22.5667,Hospital
CUST-5705,Feest PLC ,Åšwiecie,Poland,53.4167,18.4333,Pharmacy
CUST-5706,Medhurst-Beer Pharmaceutical Limited,Rybnik,Poland,50.0833,18.5,Pharmacy
CUST-5707,Barton Ltd Pharma Plc,CzeladÅº,Poland,50.3333,19.0833,Hospital
CUST-5708,Keeling LLC Pharmacy,Olsztyn,Poland,53.78,20.4942,Pharmacy
CUST-5709,Runte-Marquardt Pharmaceutical Ltd,Olecko,Poland,54.0333,22.5,Hospital
CUST-5710,"Blick, Pacocha and Schowalter ",InowrocÅ‚aw,Poland,52.7958,18.2611,Pharmacy
CUST-5711,Leuschke PLC Pharmacy,CiechanÃ³w,Poland,52.8817,20.6106,Pharmacy
CUST-5712,Miller-Satterfield Pharma Plc,Nidzica,Poland,53.3583,20.425,Hospital
CUST-5713,Bashirian-Kassulke Pharma Plc,KrakÃ³w,Poland,50.0614,19.9372,Hospital
CUST-5714,Wolff Group Pharm,Gubin,Poland,51.95,14.7333,Hospital
CUST-5715,"Denesik, Walter and Beatty Pharma Plc",OstrÃ³w Mazowiecka,Poland,52.8,21.9,Pharmacy
CUST-5716,Breitenberg-Kuhn Pharmacy,Radom,Poland,51.4036,21.1567,Hospital
CUST-5717,"McClure, Zemlak and Dibbert Pharma Plc",GdaÅ„sk,Poland,54.3667,18.6333,Pharmacy
CUST-5718,Block-Romaguera Pharmaceutical Limited,Tarnowskie GÃ³ry,Poland,50.45,18.8667,Hospital
CUST-5719,"Hahn, Rutherford and Gislason Pharmaceutical Limited",Åaziska GÃ³rne,Poland,50.15,18.8333,Hospital
CUST-5720,D'Amore and Sons ,WÄ…growiec,Poland,52.8,17.2,Hospital
CUST-5721,Koss Ltd Pharmaceutical Limited,LwÃ³wek ÅšlÄ…ski,Poland,51.1167,15.5833,Hospital
CUST-5722,Fadel-West ,ZÅ‚otoryja,Poland,51.1264,15.9198,Pharmacy
CUST-5723,Lindgren-Simonis Pharm,Biskupiec,Poland,53.8647,20.9569,Pharmacy
CUST-5724,"Spinka, Schowalter and Conn Pharmaceutical Limited",BiÅ‚goraj,Poland,50.55,22.7333,Pharmacy
CUST-5725,Will and Sons Pharma Plc,Gniew,Poland,53.8333,18.8333,Pharmacy
CUST-5726,Jakubowski Inc Pharmaceutical Limited,BolesÅ‚awiec,Poland,51.2667,15.5667,Pharmacy
CUST-5727,Schaden-Hirthe Pharmaceutical Ltd,Åšwidnica,Poland,50.8438,16.4886,Pharmacy
CUST-5728,Mraz Group Pharmacy,PiastÃ³w,Poland,52.1833,20.85,Hospital
CUST-5729,Nader-Gaylord Pharmaceutical Ltd,ÅÃ³dÅº,Poland,51.7769,19.4547,Pharmacy
CUST-5730,Heidenreich Group Pharmaceutical Ltd,RzeszÃ³w,Poland,50.05,22,Pharmacy
CUST-5731,Mante-Grady Pharm,LubaczÃ³w,Poland,50.1556,23.123,Pharmacy
CUST-5732,Feest-Kshlerin Pharmaceutical Ltd,Åšwidnik,Poland,51.2333,22.7,Pharmacy
CUST-5733,"Leuschke, Waters and Schowalter Pharmaceutical Ltd",Krapkowice,Poland,50.4751,17.9654,Pharmacy
CUST-5734,"Hirthe, Williamson and Macejkovic Pharma Plc",Brzeg,Poland,50.8667,17.4833,Hospital
CUST-5735,Emard-O'Connell Pharmacy,Zakopane,Poland,49.2994,19.9519,Pharmacy
CUST-5736,Carter-Conn Pharma Plc,BrwinÃ³w,Poland,52.1417,20.7167,Hospital
CUST-5737,"Heathcote, Grant and Witting Pharm",Bielsko-BiaÅ‚a,Poland,49.8225,19.0444,Pharmacy
CUST-5738,Boyer and Sons Pharmaceutical Limited,WaÅ‚cz,Poland,53.2667,16.4667,Hospital
CUST-5739,Rowe PLC Pharmaceutical Ltd,KÄ™ty,Poland,49.8821,19.2233,Pharmacy
CUST-5740,McCullough LLC Pharma Plc,CzÄ™stochowa,Poland,50.8,19.1167,Pharmacy
CUST-5741,"Grimes, Jacobs and Durgan Pharm",BeÅ‚chatÃ³w,Poland,51.3667,19.3667,Hospital
CUST-5742,"Balistreri, Torp and Gulgowski Pharmacy",CheÅ‚mÅ¼a,Poland,53.2,18.6,Hospital
CUST-5743,Will and Sons Pharmaceutical Limited,PoznaÅ„,Poland,52.4,16.9167,Hospital
CUST-5744,Osinski-Collins Pharmaceutical Ltd,ElblÄ…g,Poland,54.1667,19.4,Pharmacy
CUST-5745,"Parisian, Hagenes and Skiles Pharma Plc",Ciechocinek,Poland,52.8833,18.7833,Pharmacy
CUST-5746,"Schmitt, Berge and Haley Pharma Plc",KÅ‚odzko,Poland,50.4378,16.6528,Hospital
CUST-5747,"Funk, Ratke and Heaney Pharmacy",Prabuty,Poland,53.7558,19.1975,Hospital
CUST-5748,Walsh-Brown Pharmacy,ChorzÃ³w,Poland,50.3,18.95,Pharmacy
CUST-5749,"Schowalter, Runolfsson and VonRueden Pharmaceutical Ltd",GrudziÄ…dz,Poland,53.4925,18.7761,Pharmacy
CUST-5750,"Beahan, Littel and Ondricka Pharmacy",ÅÄ™czyca,Poland,52.0583,19.2,Pharmacy
CUST-5751,Veum-Kerluke Pharmacy,CzÅ‚uchÃ³w,Poland,53.65,17.3667,Pharmacy
CUST-5752,Doyle-Tillman Pharmaceutical Ltd,DÄ™blin,Poland,51.5667,21.8614,Hospital
CUST-5753,Ondricka Ltd Pharmacy,ÅšwinoujÅ›cie,Poland,53.9167,14.25,Hospital
CUST-5754,Raynor-Graham Pharmaceutical Limited,GorzÃ³w Wielkopolski,Poland,52.7333,15.25,Pharmacy
CUST-5755,Koss-Beier ,NakÅ‚o nad NoteciÄ…,Poland,53.1421,17.6018,Pharmacy
CUST-5756,"Johnson, Friesen and Torphy Pharma Plc",Gryfino,Poland,53.2524,14.4883,Hospital
CUST-5757,Koch-Osinski Pharm,Sandomierz,Poland,50.6833,21.75,Hospital
CUST-5758,Schaefer LLC Pharmacy,KamieÅ„ Pomorski,Poland,53.9697,14.7858,Hospital
CUST-5759,Funk and Sons Pharmaceutical Limited,Tarnobrzeg,Poland,50.5833,21.6833,Pharmacy
CUST-5760,Marquardt-Ryan Pharmaceutical Ltd,WÄ™gorzewo,Poland,54.2167,21.75,Hospital
CUST-5761,"Romaguera, Moen and Hagenes Pharmaceutical Limited",Sopot,Poland,54.4419,18.5478,Hospital
CUST-5762,Hartmann-Wolf ,Trzebnica,Poland,51.305,17.0614,Hospital
CUST-5763,Schmitt LLC Pharm,Nysa,Poland,50.4738,17.3344,Pharmacy
CUST-5764,"Buckridge, Dach and Carroll Pharmaceutical Limited",LuboÅ„,Poland,52.3333,16.8833,Hospital
CUST-5765,"Yundt, Leuschke and Ward Pharmaceutical Ltd",Å»ychlin,Poland,52.2453,19.6236,Hospital
CUST-5766,Rohan Inc ,ChojnÃ³w,Poland,51.2667,15.9333,Pharmacy
CUST-5767,"Wintheiser, Breitenberg and Gottlieb Pharmaceutical Limited",MilanÃ³wek,Poland,52.1243,20.6654,Pharmacy
CUST-5768,Pfeffer-Hodkiewicz Pharmaceutical Ltd,Szczytno,Poland,53.5628,20.9853,Hospital
CUST-5769,"Moen, Murazik and Smith ",Siedlce,Poland,52.1833,22.2833,Pharmacy
CUST-5770,Jast-Cruickshank Pharma Plc,BiaÅ‚ystok,Poland,53.1167,23.1667,Pharmacy
CUST-5771,"Hills, Stroman and Ernser Pharm",PuÅ‚tusk,Poland,52.7025,21.0828,Hospital
CUST-5772,"Schinner, Gaylord and Treutel Pharmaceutical Ltd",DÄ…browa GÃ³rnicza,Poland,50.3239,19.1947,Hospital
CUST-5773,Graham and Sons Pharmacy,Warka,Poland,51.7833,21.2,Hospital
CUST-5774,Stehr-Champlin Pharmaceutical Limited,Nowe Miasto Lubawskie,Poland,53.4167,19.5833,Hospital
CUST-5775,Mann-Waelchi Pharm,PiotrkÃ³w Trybunalski,Poland,51.4,19.6833,Hospital
CUST-5776,Haley PLC Pharmaceutical Limited,Opole,Poland,50.6722,17.9253,Pharmacy
CUST-5777,Denesik-Hintz Pharm,MiÄ™dzyrzec Podlaski,Poland,51.9833,22.8,Pharmacy
CUST-5778,"Rosenbaum, Klein and Herzog ",ZbÄ…szyÅ„,Poland,52.2531,15.9178,Hospital
CUST-5779,Trantow LLC Pharma Plc,Braniewo,Poland,54.3833,19.8333,Pharmacy
CUST-5780,Hill Ltd ,Gliwice,Poland,50.2976,18.6766,Pharmacy
CUST-5781,Leannon-West Pharmacy,Cieszyn,Poland,49.75,18.6333,Pharmacy
CUST-5782,"Kub, Von and Herzog Pharmacy",Wschowa,Poland,51.8,16.3,Hospital
CUST-5783,Welch-Orn ,CheÅ‚mno,Poland,53.3492,18.4261,Hospital
CUST-5784,Purdy Ltd Pharmaceutical Limited,GÅ‚uchoÅ‚azy,Poland,50.3131,17.3742,Hospital
CUST-5785,Balistreri-Watsica Pharmacy,EÅ‚k,Poland,53.8167,22.35,Pharmacy
CUST-5786,"Herman, Rice and Rippin ",ZiÄ™bice,Poland,50.6,17.0444,Hospital
CUST-5787,Kertzmann-Ward Pharma Plc,Opoczno,Poland,51.3833,20.2833,Pharmacy
CUST-5788,Streich PLC Pharmaceutical Limited,PrzemyÅ›l,Poland,49.785,22.7673,Pharmacy
CUST-5789,"Upton, Abernathy and Goodwin Pharmaceutical Ltd",JarosÅ‚aw,Poland,50.0162,22.6778,Hospital
CUST-5790,"Greenholt, Donnelly and O'Reilly Pharmaceutical Limited",Rumia,Poland,54.5667,18.4,Pharmacy
CUST-5791,"Kilback, Beer and Batz Pharma Plc",Kutno,Poland,52.2333,19.3667,Pharmacy
CUST-5792,Kunze PLC Pharm,DarÅ‚owo,Poland,54.4167,16.4167,Hospital
CUST-5793,Lesch PLC Pharmacy,WrocÅ‚aw,Poland,51.1077,17.0353,Hospital
CUST-5794,Hermiston LLC ,Strzegom,Poland,51,16.3333,Pharmacy
CUST-5795,Kozey Ltd Pharmaceutical Ltd,Bielsk Podlaski,Poland,52.7667,23.2,Hospital
CUST-5796,Bayer LLC Pharmaceutical Ltd,BytÃ³w,Poland,54.1667,17.5,Hospital
CUST-5797,"Buckridge, Hand and Hyatt Pharma Plc",Zgorzelec,Poland,51.1528,15,Pharmacy
CUST-5798,Hansen Group Pharm,GryfÃ³w ÅšlÄ…ski,Poland,51.0308,15.4202,Hospital
CUST-5799,Beier PLC Pharmacy,WÅ‚ocÅ‚awek,Poland,52.65,19.05,Hospital
CUST-5800,"Paucek, Keeling and Bruen Pharm",ÅÄ™czna,Poland,51.3,22.8833,Pharmacy
CUST-5801,Schaefer-Rolfson ,NiepoÅ‚omice,Poland,50.0339,20.2172,Hospital
CUST-5802,West Group Pharmacy,Kluczbork,Poland,50.9833,18.2167,Hospital
CUST-5803,Kozey-Schroeder ,Jawor,Poland,51.05,16.1833,Hospital
CUST-5804,"Koch, Borer and Hagenes ",KoÅ›cian,Poland,52.0833,16.65,Hospital
CUST-5805,"Wunsch, Mills and Walter ",Kielce,Poland,50.8725,20.6319,Pharmacy
CUST-5806,Crist Inc ,Stary SÄ…cz,Poland,49.5625,20.6364,Hospital
CUST-5807,"Sanford, Franecki and Greenholt ",Nowa SÃ³l,Poland,51.8,15.7167,Pharmacy
CUST-5808,Steuber Ltd Pharmacy,OstroÅ‚Ä™ka,Poland,53.0833,21.5667,Hospital
CUST-5809,Prohaska-Kuhic Pharmacy,WisÅ‚a,Poland,49.6667,18.8667,Pharmacy
CUST-5810,Hermiston and Sons Pharma Plc,Bochnia,Poland,49.9833,20.4333,Pharmacy
CUST-5811,Monahan Ltd ,OÅ›wiÄ™cim,Poland,50.0333,19.2333,Hospital
CUST-5812,"Steuber, Skiles and Kilback Pharma Plc",Sosnowiec,Poland,50.3,19.1667,Pharmacy
CUST-5813,Funk PLC Pharmaceutical Limited,MikoÅ‚Ã³w,Poland,50.171,18.9041,Hospital
CUST-5814,Spencer-Jerde Pharmacy,Przeworsk,Poland,50.0591,22.4941,Pharmacy
CUST-5815,Moore PLC Pharmaceutical Ltd,ÅomÅ¼a,Poland,53.1833,22.0833,Pharmacy
CUST-5816,Torp-Fisher Pharma Plc,Gorlice,Poland,49.6556,21.1604,Hospital
CUST-5817,Botsford and Sons Pharmaceutical Ltd,KoÅ‚obrzeg,Poland,54.1667,15.5667,Pharmacy
CUST-5818,Crona Group Pharma Plc,Kwidzyn,Poland,53.7358,18.9308,Pharmacy
CUST-5819,Mills Inc Pharma Plc,Bydgoszcz,Poland,53.1167,18,Hospital
CUST-5820,Herman-Koss Pharm,Lubsko,Poland,51.7877,14.9724,Hospital
CUST-5821,Kling Inc Pharmaceutical Ltd,Ostrowiec ÅšwiÄ™tokrzyski,Poland,50.9333,21.4,Pharmacy
CUST-5822,"Bernier, Murphy and Rau Pharmaceutical Ltd",Ruda ÅšlÄ…ska,Poland,50.2628,18.8536,Pharmacy
CUST-5823,"Gleichner, Bahringer and Morar Pharma Plc",Gostynin,Poland,52.4167,19.4667,Hospital
CUST-5824,Erdman PLC Pharmacy,Ozimek,Poland,50.6731,18.2131,Pharmacy
CUST-5825,Yundt-Crona Pharmaceutical Ltd,Siemiatycze,Poland,52.4272,22.8625,Hospital
CUST-5826,Okuneva-Corkery ,Kostrzyn nad OdrÄ…,Poland,52.5883,14.6667,Hospital
CUST-5827,Gottlieb-Cruickshank Pharma Plc,Brzeszcze,Poland,50,19.15,Hospital
CUST-5828,"Hansen, Fadel and Schroeder Pharm",Gniezno,Poland,52.5333,17.6,Pharmacy
CUST-5829,Schaefer Group Pharmaceutical Limited,UstroÅ„,Poland,49.7167,18.8167,Hospital
CUST-5830,Senger-Kirlin Pharmacy,KobyÅ‚ka,Poland,52.3395,21.1959,Hospital
CUST-5831,Leffler-Russel Pharm,Konstancin-Jeziorna,Poland,52.0938,21.1176,Hospital
CUST-5832,Nader-Gaylord Pharmaceutical Limited,SobÃ³tka,Poland,50.8986,16.7444,Hospital
CUST-5833,Heller-Abernathy ,Brzeg Dolny,Poland,51.273,16.7081,Hospital
CUST-5834,Rutherford and Sons ,Gdynia,Poland,54.5189,18.5319,Pharmacy
CUST-5835,Lockman Ltd ,PoÅ‚aniec,Poland,50.4333,21.2833,Pharmacy
CUST-5836,Rogahn-Klein Pharmacy,Koronowo,Poland,53.3137,17.937,Hospital
CUST-5837,"Crist, Wisoky and Nolan Pharmaceutical Ltd",ToruÅ„,Poland,53.0167,18.6167,Pharmacy
CUST-5838,"Kshlerin, Ryan and Leuschke Pharma Plc",Zielona GÃ³ra,Poland,51.9397,15.505,Hospital
CUST-5839,"Cormier, Dietrich and Zulauf Pharma Plc",PuÅ‚awy,Poland,51.4166,21.9694,Hospital
CUST-5840,Crona PLC Pharma Plc,BiaÅ‚ogard,Poland,54.007,15.9875,Hospital
CUST-5841,Kreiger Inc Pharma Plc,Mielec,Poland,50.2833,21.4333,Hospital
CUST-5842,"Nitzsche, Effertz and Maggio Pharmacy",Malbork,Poland,54.0285,19.0444,Hospital
CUST-5843,"Lebsack, Yost and Heller Pharmaceutical Limited",Wieliczka,Poland,49.9894,20.0661,Pharmacy
CUST-5844,"Harris, Daugherty and Okuneva Pharma Plc",Krotoszyn,Poland,51.697,17.4357,Pharmacy
CUST-5845,Zemlak Group Pharmaceutical Limited,Koszalin,Poland,54.1903,16.1817,Hospital
CUST-5846,"Bogan, Jacobs and Kris Pharmacy",LubartÃ³w,Poland,51.4667,22.6,Pharmacy
CUST-5847,"Kertzmann, Quitzon and Harris Pharma Plc",Reszel,Poland,54.0504,21.1458,Hospital
CUST-5848,Cassin PLC Pharmacy,Miastko,Poland,54,16.9833,Hospital
CUST-5849,Lesch PLC Pharmaceutical Ltd,GÅ‚uszyca,Poland,50.6874,16.3717,Pharmacy
CUST-5850,Bosco-Marquardt Pharm,LÄ™bork,Poland,54.55,17.75,Hospital
CUST-5851,"Gerhold, Mills and Effertz Pharm",GÅ‚ubczyce,Poland,50.2009,17.8286,Pharmacy
CUST-5852,Welch-Langworth ,Warsaw,Poland,52.2167,21.0333,Pharmacy
CUST-5853,"Brakus, Rempel and Harber Pharma Plc",Nowy Targ,Poland,49.4833,20.0333,Pharmacy
CUST-5854,Zemlak-Witting Pharmacy,MiÄ™dzyrzecz,Poland,52.4446,15.578,Pharmacy
CUST-5855,Powlowski-Buckridge Pharma Plc,Ustka,Poland,54.5805,16.8619,Hospital
CUST-5856,"Runolfsson, Swaniawski and Jaskolski Pharmacy",Sieradz,Poland,51.6,18.75,Hospital
CUST-5857,"Beer, Kohler and Beatty Pharmaceutical Ltd",Rypin,Poland,53.0667,19.45,Pharmacy
CUST-5858,Bartoletti-Altenwerth ,Police,Poland,53.55,14.5708,Hospital
CUST-5859,Buckridge-Strosin Pharmaceutical Limited,PruszkÃ³w,Poland,52.1667,20.8,Hospital
CUST-5860,Ward Group Pharmaceutical Limited,Zabrze,Poland,50.3,18.7833,Pharmacy
CUST-5861,Kutch-Marks Pharm,CheÅ‚m,Poland,51.1333,23.4833,Hospital
CUST-5862,Schimmel-Waelchi Pharmaceutical Ltd,Grodzisk Mazowiecki,Poland,52.1039,20.6337,Hospital
CUST-5863,"Kuphal, D'Amore and Bode Pharmaceutical Ltd",Szczecin,Poland,53.4247,14.5553,Pharmacy
CUST-5864,Lockman-Welch Pharm,Bytom,Poland,50.347,18.923,Hospital
CUST-5865,"Nolan, DuBuque and Schultz Pharm",WaÅ‚brzych,Poland,50.7667,16.2833,Hospital
CUST-5866,Barrows Inc ,HajnÃ³wka,Poland,52.7333,23.5667,Hospital
CUST-5867,"Towne, Cummerata and Blanda Pharm",Kalisz,Poland,51.757,18.083,Hospital
CUST-5868,"Wiegand, Jast and Yost Pharma Plc",PÅ‚ock,Poland,52.55,19.7,Hospital
CUST-5869,Lemke Ltd Pharm,TarnÃ³w,Poland,50.0125,20.9883,Hospital
CUST-5870,Walter Ltd ,KÄ™trzyn,Poland,54.0833,21.3833,Pharmacy
CUST-5871,Nader-Borer Pharma Plc,Bielawa,Poland,50.6908,16.623,Pharmacy
CUST-5872,Botsford PLC Pharmacy,Pabianice,Poland,51.6642,19.35,Pharmacy
CUST-5873,"Casper, Hyatt and Jakubowski Pharmaceutical Limited",Otwock,Poland,52.1167,21.2667,Hospital
CUST-5874,"McClure, Zemlak and Dibbert Pharmaceutical Limited",KÃ³rnik,Poland,52.2367,17.0986,Hospital
CUST-5875,Romaguera-Fay Pharmaceutical Limited,Trzemeszno,Poland,52.5614,17.8231,Pharmacy
CUST-5876,"Ondricka, Rosenbaum and Beahan ",Starogard GdaÅ„ski,Poland,53.9667,18.5333,Hospital
CUST-5877,Parisian Ltd Pharm,Jelenia GÃ³ra,Poland,50.9,15.7333,Pharmacy
CUST-5878,Hayes-Kilback Pharmaceutical Ltd,Å»ary,Poland,51.6333,15.1333,Pharmacy
CUST-5879,Gibson-Hill Pharma Plc,ChrzanÃ³w,Poland,50.1333,19.4,Hospital
CUST-5880,Gerlach LLC ,Krzeszowice,Poland,50.1333,19.6333,Hospital
CUST-5881,Kuhic LLC Pharma Plc,Oborniki,Poland,52.65,16.8167,Pharmacy
CUST-5882,Abernathy Group Pharmaceutical Limited,Brzesko,Poland,49.9667,20.6167,Hospital
CUST-5883,Vandervort LLC Pharma Plc,ÅaÅ„cut,Poland,50.0687,22.2291,Pharmacy
CUST-5884,"Effertz, Heaney and Tillman Pharmaceutical Ltd",Jaworzno,Poland,50.2,19.275,Hospital
CUST-5885,Sauer and Sons Pharmaceutical Limited,BrzozÃ³w,Poland,49.6953,22.0194,Pharmacy
CUST-5886,"Erdman, Senger and Oberbrunner Pharm",Rawa Mazowiecka,Poland,51.7667,20.25,Pharmacy
CUST-5887,Rohan PLC Pharmaceutical Limited,Krynica,Poland,49.4222,20.9594,Pharmacy
CUST-5888,Schulist-Zulauf Pharm,Tychy,Poland,50.1667,19,Hospital
CUST-5889,"Haag, Bradtke and Terry Pharmacy",BiaÅ‚a Podlaska,Poland,52.0333,23.1167,Hospital
CUST-5890,Waelchi LLC Pharmacy,Katowice,Poland,50.25,19,Hospital
CUST-5891,Feest-Roob Pharmaceutical Ltd,Wolsztyn,Poland,52.1167,16.1167,Pharmacy
CUST-5892,"Reynolds, Jast and Mante Pharma Plc",Pleszew,Poland,51.8974,17.7856,Pharmacy
CUST-5893,Pfannerstill Group Pharmaceutical Ltd,Jelcz-Laskowice,Poland,51.0333,17.3333,Pharmacy
CUST-5894,Buckridge-Davis ,Legnica,Poland,51.2101,16.1619,Hospital
CUST-5895,Balistreri Group Pharmaceutical Ltd,Prudnik,Poland,50.3197,17.5792,Pharmacy
CUST-5896,Ritchie-Rodriguez Pharm,ÅukÃ³w,Poland,51.9167,22.3833,Pharmacy
CUST-5897,Daugherty-Rempel Pharma Plc,BeÅ‚Å¼yce,Poland,51.1833,22.2667,Hospital
CUST-5898,"Roob, Ernser and Kub Pharmaceutical Limited",SuwaÅ‚ki,Poland,54.0833,22.9333,Hospital
CUST-5899,Fritsch-Hauck Pharma Plc,MysÅ‚owice,Poland,50.2333,19.1333,Hospital
CUST-5900,Roob PLC ,Åšwiedbodzin,Poland,52.25,15.5333,Pharmacy
CUST-5901,Reilly Ltd ,MÅ‚awa,Poland,53.1167,20.3667,Pharmacy
CUST-5902,Stanton-Cole ,Skierniewice,Poland,51.9528,20.1417,Hospital
CUST-5903,Mraz-Kutch Pharm,BieruÅ„ Stary,Poland,50.0897,19.0928,Pharmacy
CUST-5904,Fadel-West Pharmacy,Ditzingen,Germany,48.8264,9.0667,Hospital
CUST-5905,Nader-Gaylord Pharmacy,Backnang,Germany,48.9464,9.4306,Hospital
CUST-5906,McKenzie-Zemlak Pharm,Rheinbach,Germany,50.6256,6.9491,Pharmacy
CUST-5907,Fritsch-Hauck Pharmaceutical Ltd,FÃ¼rth,Germany,49.4783,10.9903,Pharmacy
CUST-5908,"Bernier, Murphy and Rau Pharma Plc",Geldern,Germany,51.5197,6.3325,Hospital
CUST-5909,Parisian Ltd Pharmacy,Hoyerswerda,Germany,51.4331,14.25,Hospital
CUST-5910,Beier PLC ,Heidelberg,Germany,49.4122,8.71,Pharmacy
CUST-5911,Wehner-Stehr ,Steinfurt,Germany,52.1504,7.3366,Pharmacy
CUST-5912,Barrows-Kohler Pharm,Hamburg,Germany,53.55,10,Hospital
CUST-5913,McDermott Group Pharmaceutical Ltd,Lindau,Germany,47.5458,9.6839,Pharmacy
CUST-5914,"Hansen, Fadel and Schroeder Pharma Plc",Wolfsburg,Germany,52.4231,10.7872,Pharmacy
CUST-5915,Zemlak Group Pharmacy,Solingen,Germany,51.1667,7.0833,Hospital
CUST-5916,Spencer-Jerde Pharmaceutical Limited,Kaufbeuren,Germany,47.88,10.6225,Hospital
CUST-5917,Kutch-Marks Pharmaceutical Limited,Kreuztal,Germany,50.962,8.0064,Hospital
CUST-5918,"Nitzsche, Effertz and Maggio Pharmaceutical Limited",Northeim,Germany,51.7067,10.0011,Pharmacy
CUST-5919,"Blanda, Stehr and Gleason Pharma Plc",Starnberg,Germany,47.9972,11.3406,Hospital
CUST-5920,Koss-Beier Pharmacy,Roth,Germany,49.2461,11.0911,Hospital
CUST-5921,"Towne, Cummerata and Blanda Pharmaceutical Ltd",Darmstadt,Germany,49.8667,8.65,Hospital
CUST-5922,Rohan and Sons Pharmaceutical Limited,Maintal,Germany,50.15,8.8333,Pharmacy
CUST-5923,Stanton-Cole Pharmacy,DÃ¼ren,Germany,50.8,6.4833,Pharmacy
CUST-5924,Botsford and Sons ,Marl,Germany,51.6667,7.1167,Hospital
CUST-5925,Crona PLC Pharmacy,Eschweiler,Germany,50.8167,6.2833,Hospital
CUST-5926,"Leuschke, Waters and Schowalter Pharmacy",Salzkotten,Germany,51.6708,8.6047,Hospital
CUST-5927,Moore PLC Pharm,Bremerhaven,Germany,53.55,8.5833,Hospital
CUST-5928,Rowe PLC Pharm,Verl,Germany,51.8831,8.5167,Pharmacy
CUST-5929,Heller-Abernathy Pharma Plc,Heide,Germany,54.1961,9.0933,Pharmacy
CUST-5930,Monahan Ltd Pharmaceutical Ltd,LÃ¼neburg,Germany,53.2525,10.4144,Pharmacy
CUST-5931,Walsh-Brown Pharma Plc,OsnabrÃ¼ck,Germany,52.2789,8.0431,Pharmacy
CUST-5932,Kris LLC Pharm,Zeitz,Germany,51.0478,12.1383,Pharmacy
CUST-5933,"Paucek, Keeling and Bruen Pharmaceutical Limited",Bad Kreuznach,Germany,49.8469,7.8669,Pharmacy
CUST-5934,"Fritsch, Hodkiewicz and Sipes Pharma Plc",Ettlingen,Germany,48.9333,8.4,Hospital
CUST-5935,Schimmel-Waelchi Pharma Plc,Garbsen,Germany,52.4183,9.5981,Pharmacy
CUST-5936,"Runolfsson, Swaniawski and Jaskolski Pharmaceutical Limited",Dessau-RoÃŸlau,Germany,51.8333,12.2333,Pharmacy
CUST-5937,"Denesik, Walter and Beatty Pharmacy",Ludwigsfelde,Germany,52.2997,13.2667,Hospital
CUST-5938,Lemke Ltd Pharmaceutical Limited,JÃ¼lich,Germany,50.9222,6.3583,Hospital
CUST-5939,"Gerhold, Mills and Effertz Pharma Plc",Stadthagen,Germany,52.3247,9.2069,Hospital
CUST-5940,Hill Ltd Pharmaceutical Limited,Augsburg,Germany,48.3717,10.8983,Hospital
CUST-5941,Pfannerstill Group Pharmaceutical Limited,Kaarst,Germany,51.2278,6.6273,Pharmacy
CUST-5942,Ondricka-Waters Pharmaceutical Ltd,Bad Oeynhausen,Germany,52.2,8.8,Pharmacy
CUST-5943,Franecki Inc Pharma Plc,Schwerte,Germany,51.4458,7.5653,Pharmacy
CUST-5944,Reinger Group Pharmaceutical Limited,Schwerin,Germany,53.6333,11.4167,Pharmacy
CUST-5945,"Harris, Daugherty and Okuneva Pharmaceutical Limited",MeiÃŸen,Germany,51.1636,13.4775,Hospital
CUST-5946,Reichel Inc Pharm,SchÃ¶nebeck,Germany,52.0167,11.75,Hospital
CUST-5947,Fritsch LLC Pharm,Biberach,Germany,48.0981,9.7886,Hospital
CUST-5948,Barrows-Kohler Pharma Plc,Coesfeld,Germany,51.9458,7.1675,Pharmacy
CUST-5949,Runte-Marquardt Pharmacy,Idstein,Germany,50.2206,8.2692,Pharmacy
CUST-5950,Cassin PLC Pharma Plc,MÃ¼hldorf,Germany,48.2456,12.5228,Pharmacy
CUST-5951,Raynor LLC Pharm,Hilden,Germany,51.1714,6.9394,Pharmacy
CUST-5952,"Hirthe, Williamson and Macejkovic Pharmacy",Landshut,Germany,48.5397,12.1508,Hospital
CUST-5953,D'Amore and Sons Pharmacy,Lohne,Germany,52.6667,8.2386,Hospital
CUST-5954,"Kirlin, Hamill and Dickinson Pharma Plc",WeiÃŸenburg,Germany,49.0306,10.9719,Pharmacy
CUST-5955,Crist Inc Pharma Plc,Eschwege,Germany,51.1881,10.0528,Pharmacy
CUST-5956,Denesik-Hintz Pharma Plc,Wiehl,Germany,50.95,7.5333,Pharmacy
CUST-5957,Heidenreich Group Pharm,Mannheim,Germany,49.4878,8.4661,Hospital
CUST-5958,"Armstrong, Medhurst and Bogisich Pharmaceutical Ltd",Waldshut-Tiengen,Germany,47.6231,8.2144,Hospital
CUST-5959,"Kuphal, D'Amore and Bode Pharm",Cologne,Germany,50.9422,6.9578,Hospital
CUST-5960,Weber Ltd Pharmaceutical Ltd,Merseburg,Germany,51.3544,11.9928,Hospital
CUST-5961,VonRueden-Adams Pharm,Delitzsch,Germany,51.5264,12.3425,Pharmacy
CUST-5962,Kunze PLC Pharma Plc,Eisenach,Germany,50.9747,10.3244,Hospital
CUST-5963,"Langworth, Olson and Satterfield Pharm",TÃ¼bingen,Germany,48.52,9.0556,Hospital
CUST-5964,"Brakus, Rempel and Harber Pharmacy",Fulda,Germany,50.5528,9.6775,Hospital
CUST-5965,"Casper, Hyatt and Jakubowski Pharmacy",Minden,Germany,52.2883,8.9167,Hospital
CUST-5966,Buckridge-Strosin Pharmaceutical Ltd,Erlangen,Germany,49.5964,11.0044,Hospital
CUST-5967,Runolfsson-Halvorson Pharm,Rheinberg,Germany,51.5467,6.6006,Pharmacy
CUST-5968,"Kertzmann, Quitzon and Harris ",Greven,Germany,52.0917,7.6083,Hospital
CUST-5969,"Denesik, Walter and Beatty ",Nordhorn,Germany,52.4333,7.0667,Pharmacy
CUST-5970,Schuppe Inc ,Bensheim,Germany,49.6811,8.6228,Pharmacy
CUST-5971,Okuneva-Corkery Pharm,GroÃŸ-Gerau,Germany,49.9214,8.4818,Hospital
CUST-5972,Graham and Sons Pharm,Germering,Germany,48.1333,11.3667,Hospital
CUST-5973,Pfeffer-Hodkiewicz Pharm,Pulheim,Germany,51,6.8,Pharmacy
CUST-5974,"Parker, Green and Emmerich Pharma Plc",Baesweiler,Germany,50.9,6.1833,Pharmacy
CUST-5975,Collins-Schmidt Pharmaceutical Limited,Bretten,Germany,49.0364,8.7061,Pharmacy
CUST-5976,"Reynolds, Jast and Mante Pharm",Elmshorn,Germany,53.7547,9.6536,Hospital
CUST-5977,Schimmel-Waelchi Pharmaceutical Limited,Olching,Germany,48.2,11.3167,Pharmacy
CUST-5978,"Steuber, Hills and Botsford ",Gotha,Germany,50.9489,10.7183,Pharmacy
CUST-5979,Bayer LLC Pharm,Neunkirchen,Germany,49.3448,7.1799,Hospital
CUST-5980,Funk and Sons Pharmacy,Friedberg,Germany,48.35,10.9833,Pharmacy
CUST-5981,Homenick-Larson Pharmaceutical Ltd,Bergkamen,Germany,51.6167,7.6333,Hospital
CUST-5982,Mraz Group Pharma Plc,Hohen Neuendorf,Germany,52.6667,13.2831,Hospital
CUST-5983,Ondricka Ltd Pharmaceutical Ltd,Bamberg,Germany,49.8917,10.8917,Pharmacy
CUST-5984,Daugherty-Rempel Pharmaceutical Limited,Sigmaringen,Germany,48.0867,9.2164,Hospital
CUST-5985,"Kub, Von and Herzog Pharmaceutical Ltd",Borken,Germany,51.8439,6.8583,Pharmacy
CUST-5986,"Funk, Ratke and Heaney Pharma Plc",Bautzen,Germany,51.1814,14.4239,Hospital
CUST-5987,Hermiston LLC Pharm,Moers,Germany,51.4592,6.6197,Pharmacy
CUST-5988,Konopelski-Blick ,Bergisch Gladbach,Germany,50.9917,7.1367,Hospital
CUST-5989,"Beer, Kohler and Beatty ",Oberursel,Germany,50.2028,8.5769,Hospital
CUST-5990,"Will, McGlynn and Fritsch Pharmaceutical Ltd",Bitterfeld,Germany,51.6167,12.3167,Pharmacy
CUST-5991,Heller-Abernathy Pharmaceutical Limited,Siegburg,Germany,50.8014,7.2044,Hospital
CUST-5992,"Kuphal, D'Amore and Bode Pharmacy",Wesseling,Germany,50.8207,6.9786,Hospital
CUST-5993,"Balistreri, Torp and Gulgowski ",Bietigheim-Bissingen,Germany,48.9667,9.1333,Hospital
CUST-5994,Tillman Group Pharmaceutical Limited,Geilenkirchen,Germany,50.9653,6.1194,Hospital
CUST-5995,"Rosenbaum, Klein and Herzog Pharmaceutical Ltd",FÃ¼rstenfeldbruck,Germany,48.1778,11.2556,Hospital
CUST-5996,Jacobs-Jones Pharma Plc,Schwedt (Oder),Germany,53.0631,14.2831,Pharmacy
CUST-5997,"Armstrong, Medhurst and Bogisich Pharmacy",Lehrte,Germany,52.3725,9.9769,Hospital
CUST-5998,"Rosenbaum, Klein and Herzog Pharma Plc",Parchim,Germany,53.4167,11.8333,Hospital
CUST-5999,Leffler-Russel Pharmaceutical Ltd,Lingen,Germany,52.5233,7.3172,Pharmacy
CUST-6000,"Beahan, Littel and Ondricka ",Memmingen,Germany,47.9878,10.1811,Pharmacy
CUST-6001,Streich PLC ,Bottrop,Germany,51.5232,6.9253,Pharmacy
CUST-6002,Kreiger Inc Pharm,Salzgitter,Germany,52.1503,10.3593,Hospital
CUST-6003,"Gleichner, Bahringer and Morar Pharmacy",Brilon,Germany,51.3956,8.5678,Hospital
CUST-6004,"Zieme, Doyle and Kunze Pharmacy",Tuttlingen,Germany,47.985,8.8233,Pharmacy
CUST-6005,Crist Inc Pharmaceutical Ltd,VÃ¶lklingen,Germany,49.25,6.8333,Hospital
CUST-6006,Abernathy and Sons Pharmaceutical Limited,Dietzenbach,Germany,50.0086,8.7756,Hospital
CUST-6007,Sauer-Herzog Pharmaceutical Limited,Bochum,Germany,51.4833,7.2167,Pharmacy
CUST-6008,Feest PLC Pharmaceutical Ltd,Neustadt,Germany,48.8111,9.3656,Hospital
CUST-6009,McCullough LLC Pharmaceutical Ltd,Lage,Germany,51.9833,8.8,Pharmacy
CUST-6010,"Sanford, Franecki and Greenholt Pharma Plc",Waltrop,Germany,51.6167,7.3833,Hospital
CUST-6011,Koss-Beier Pharmaceutical Limited,Rastatt,Germany,48.8572,8.2031,Pharmacy
CUST-6012,Crist Ltd Pharma Plc,Willich,Germany,51.2631,6.5492,Hospital
CUST-6013,Powlowski-Buckridge Pharmacy,Albstadt,Germany,48.2119,9.0239,Pharmacy
CUST-6014,Zemlak-Witting ,Cuxhaven,Germany,53.8667,8.7,Pharmacy
CUST-6015,Kozey-Schroeder Pharma Plc,Langenhagen,Germany,52.4394,9.74,Pharmacy
CUST-6016,Dach PLC ,Deggendorf,Germany,48.8353,12.9644,Hospital
CUST-6017,"Kshlerin, Ryan and Leuschke Pharm",Rostock,Germany,54.0833,12.1333,Hospital
CUST-6018,"Beahan, Littel and Ondricka Pharma Plc",Salzwedel,Germany,52.85,11.15,Hospital
CUST-6019,Ondricka Ltd ,Saalfeld,Germany,50.6506,11.3542,Pharmacy
CUST-6020,"Daniel, Baumbach and Nitzsche ",Steinheim am Main,Germany,50.1257,8.83,Hospital
CUST-6021,Gulgowski-Vandervort Pharma Plc,Oranienburg,Germany,52.7544,13.2369,Pharmacy
CUST-6022,"Roob, Ernser and Kub Pharmaceutical Ltd",Oer-Erkenschwick,Germany,51.6422,7.2508,Hospital
CUST-6023,Waelchi LLC Pharm,Sinsheim,Germany,49.25,8.8833,Pharmacy
CUST-6024,Raynor-Graham Pharma Plc,SaarbrÃ¼cken,Germany,49.2333,7,Pharmacy
CUST-6025,"Sanford, Franecki and Greenholt Pharmaceutical Ltd",Rheine,Germany,52.2833,7.4333,Pharmacy
CUST-6026,Fahey-Flatley Pharmaceutical Ltd,Uelzen,Germany,52.9647,10.5658,Hospital
CUST-6027,Marquardt PLC ,Wetter (Ruhr),Germany,51.3881,7.395,Hospital
CUST-6028,Denesik-Hintz Pharmaceutical Limited,DÃ¼lmen,Germany,51.8308,7.2783,Hospital
CUST-6029,Dach PLC Pharm,Mainz,Germany,50,8.2711,Pharmacy
CUST-6030,Schulist-Zulauf ,Erfurt,Germany,50.9787,11.0328,Pharmacy
CUST-6031,Sauer and Sons ,Mechernich,Germany,50.6,6.65,Pharmacy
CUST-6032,Trantow LLC Pharm,Harsewinkel,Germany,51.9667,8.2331,Pharmacy
CUST-6033,Marquardt-Ryan Pharm,KÃ¶nigswinter,Germany,50.6833,7.1833,Hospital
CUST-6034,Hansen Group Pharmacy,Warendorf,Germany,51.9539,7.9933,Hospital
CUST-6035,"Johns, Mueller and Nitzsche ",Magdeburg,Germany,52.1278,11.6292,Hospital
CUST-6036,"Will, McGlynn and Fritsch Pharmaceutical Limited",Alzey,Germany,49.7517,8.1161,Hospital
CUST-6037,VonRueden-Adams Pharmaceutical Limited,Fellbach,Germany,48.8086,9.2758,Pharmacy
CUST-6038,"Parisian, Hagenes and Skiles Pharmacy",Buxtehude,Germany,53.4769,9.7011,Hospital
CUST-6039,"Paucek, Keeling and Bruen Pharma Plc",Sankt Wendel,Germany,49.4667,7.1667,Hospital
CUST-6040,Quigley-Heathcote Pharm,Witten,Germany,51.4333,7.3333,Hospital
CUST-6041,Jast-Cruickshank Pharmacy,Sankt Ingbert,Germany,49.3,7.1167,Hospital
CUST-6042,Block-Romaguera Pharmacy,Werl,Germany,51.5528,7.9139,Hospital
CUST-6043,Kris LLC Pharmaceutical Ltd,Lichtenfels,Germany,50.1333,11.0333,Hospital
CUST-6044,"Koch, Borer and Hagenes Pharm",Waiblingen,Germany,48.8303,9.3169,Hospital
CUST-6045,Leffler-Russel Pharmaceutical Limited,Hennigsdorf,Germany,52.6378,13.2036,Pharmacy
CUST-6046,Kihn Group Pharmaceutical Limited,Norderstedt,Germany,53.7064,10.0103,Hospital
CUST-6047,"Fritsch, Hodkiewicz and Sipes Pharmacy",Haldensleben,Germany,52.2833,11.4167,Pharmacy
CUST-6048,Corkery-Kovacek Pharm,Kehl,Germany,48.5711,7.8089,Hospital
CUST-6049,Roob PLC Pharmaceutical Limited,Frechen,Germany,50.9167,6.8167,Pharmacy
CUST-6050,Senger-Kirlin Pharmaceutical Ltd,Friedrichsdorf,Germany,50.2569,8.6418,Hospital
CUST-6051,Hane Ltd ,NÃ¼rtingen,Germany,48.6267,9.3353,Hospital
CUST-6052,"Harris, Daugherty and Okuneva Pharm",Neuwied,Germany,50.4286,7.4614,Hospital
CUST-6053,Ward Group Pharm,MÃ¶nchengladbach,Germany,51.2,6.4333,Hospital
CUST-6054,"Haag, Bradtke and Terry ",Osterholz-Scharmbeck,Germany,53.2269,8.7947,Pharmacy
CUST-6055,Buckridge-Strosin Pharma Plc,Neuruppin,Germany,52.9222,12.8,Hospital
CUST-6056,"Kilback, Beer and Batz ",Ratingen,Germany,51.3,6.85,Pharmacy
CUST-6057,Homenick-Larson ,LÃ¼bbecke,Germany,52.3081,8.6231,Pharmacy
CUST-6058,"Kirlin, Hamill and Dickinson Pharmaceutical Limited",Pirna,Germany,50.9622,13.9403,Hospital
CUST-6059,"Zieme, Doyle and Kunze Pharm",Stuttgart,Germany,48.7761,9.1775,Pharmacy
CUST-6060,"Steuber, Skiles and Kilback Pharmaceutical Limited",Bonn,Germany,50.7339,7.0997,Pharmacy
CUST-6061,Botsford and Sons Pharma Plc,Bad Hersfeld,Germany,50.8683,9.7067,Hospital
CUST-6062,"Schowalter, Runolfsson and VonRueden Pharmaceutical Limited",Neuss,Germany,51.2003,6.6939,Hospital
CUST-6063,Gleason PLC Pharmaceutical Limited,Niederkassel,Germany,50.8167,7.0333,Pharmacy
CUST-6064,Durgan-Rice Pharmaceutical Ltd,Leichlingen,Germany,51.1167,7.0167,Hospital
CUST-6065,Medhurst-Beer ,Aachen,Germany,50.7762,6.0838,Hospital
CUST-6066,Daugherty-Rempel Pharm,Neu Isenburg,Germany,50.0558,8.6971,Hospital
CUST-6067,Rosenbaum-Tromp Pharmacy,LÃ¼denscheid,Germany,51.2198,7.6273,Hospital
CUST-6068,Marquardt-Ryan Pharma Plc,Sondershausen,Germany,51.3667,10.8667,Pharmacy
CUST-6069,Barton Ltd Pharmaceutical Limited,Celle,Germany,52.6256,10.0825,Pharmacy
CUST-6070,Kutch-Marks Pharma Plc,Koblenz,Germany,50.3597,7.5978,Hospital
CUST-6071,Cremin-Zemlak Pharma Plc,Haan,Germany,51.1931,7.0131,Pharmacy
CUST-6072,Hermiston and Sons Pharmacy,Plauen,Germany,50.495,12.1383,Pharmacy
CUST-6073,Abernathy Group Pharmacy,Melle,Germany,52.2031,8.3361,Pharmacy
CUST-6074,Upton PLC Pharmaceutical Limited,MÃ¼hlhausen,Germany,51.2167,10.45,Pharmacy
CUST-6075,Hayes-Kilback Pharmaceutical Limited,Springe,Germany,52.2167,9.55,Pharmacy
CUST-6076,Runolfsson-Powlowski Pharmaceutical Limited,Wiesbaden,Germany,50.0825,8.24,Pharmacy
CUST-6077,Veum and Sons Pharmaceutical Ltd,Dorsten,Germany,51.66,6.9642,Pharmacy
CUST-6078,Kuhic LLC Pharmaceutical Limited,Gronau,Germany,52.2125,7.0417,Pharmacy
CUST-6079,Wolff Group Pharmaceutical Ltd,Alsdorf,Germany,50.8744,6.1615,Hospital
CUST-6080,Zemlak Group Pharm,Vechta,Germany,52.7306,8.2886,Hospital
CUST-6081,"Grimes, Jacobs and Durgan Pharma Plc",GÃ¼tersloh,Germany,51.9,8.3833,Hospital
CUST-6082,Graham and Sons Pharma Plc,Bad Salzungen,Germany,50.8117,10.2333,Pharmacy
CUST-6083,Mraz Group Pharmaceutical Limited,Schweinfurt,Germany,50.05,10.2333,Pharmacy
CUST-6084,Emard-O'Connell Pharmaceutical Ltd,Kevelaer,Germany,51.5833,6.25,Pharmacy
CUST-6085,Schulist LLC Pharmaceutical Limited,Neustadt am RÃ¼benberge,Germany,52.5055,9.4636,Pharmacy
CUST-6086,Pfeffer-Kirlin Pharmaceutical Limited,Selm,Germany,51.6833,7.4833,Hospital
CUST-6087,Buckridge Inc Pharmaceutical Limited,Senftenberg,Germany,51.5167,14.0167,Hospital
CUST-6088,Barrows Inc Pharmacy,Teltow,Germany,52.4022,13.2706,Hospital
CUST-6089,West Group Pharma Plc,Aschersleben,Germany,51.75,11.4667,Pharmacy
CUST-6090,Balistreri-Watsica Pharma Plc,Siegen,Germany,50.8756,8.0167,Pharmacy
CUST-6091,Ondricka-Waters Pharmaceutical Limited,Rinteln,Germany,52.1906,9.0814,Hospital
CUST-6092,Rogahn-Klein Pharma Plc,Leinfelden-Echterdingen,Germany,48.6928,9.1428,Pharmacy
CUST-6093,Gerlach LLC Pharma Plc,Torgau,Germany,51.5603,13.0056,Hospital
CUST-6094,"Barrows, Zboncak and Reichert Pharma Plc",Burg,Germany,52.2725,11.855,Pharmacy
CUST-6095,Schaefer-Rolfson Pharma Plc,Freiberg,Germany,50.9119,13.3428,Pharmacy
CUST-6096,"Hansen, Fadel and Schroeder Pharmaceutical Ltd",Herrenberg,Germany,48.5967,8.8708,Pharmacy
CUST-6097,"Towne, Cummerata and Blanda Pharmaceutical Limited",Naumburg,Germany,51.1521,11.8098,Hospital
CUST-6098,Franecki Inc Pharmacy,Norden,Germany,53.5967,7.2056,Pharmacy
CUST-6099,Torp-Fisher ,Grevenbroich,Germany,51.0883,6.5875,Pharmacy
CUST-6100,Steuber Ltd Pharm,Gera,Germany,50.8782,12.0824,Hospital
CUST-6101,Schulist-Zulauf Pharmaceutical Ltd,Kornwestheim,Germany,48.8597,9.185,Pharmacy
CUST-6102,Rohan and Sons Pharma Plc,Prenzlau,Germany,53.3167,13.8667,Pharmacy
CUST-6103,"Rodriguez, Stokes and Dickens Pharma Plc",SÃ¶mmerda,Germany,51.1617,11.1169,Hospital
CUST-6104,"Hahn, Rutherford and Gislason Pharmacy",WolfenbÃ¼ttel,Germany,52.1622,10.5369,Pharmacy
CUST-6105,Abernathy Group ,Horb am Neckar,Germany,48.445,8.6911,Hospital
CUST-6106,"Steuber, Hills and Botsford Pharma Plc",Schmallenberg,Germany,51.1333,8.3,Pharmacy
CUST-6107,Sipes and Sons Pharmaceutical Limited,Krefeld,Germany,51.3333,6.5667,Pharmacy
CUST-6108,Zemlak-Witting Pharmaceutical Limited,Plettenberg,Germany,51.2128,7.8715,Hospital
CUST-6109,Prohaska-Kuhic Pharma Plc,Pirmasens,Germany,49.2,7.6,Hospital
CUST-6110,"Reinger, Kihn and Goyette Pharma Plc",Euskirchen,Germany,50.6597,6.7917,Pharmacy
CUST-6111,Welch-Langworth Pharm,Papenburg,Germany,53.0667,7.4,Hospital
CUST-6112,Funk PLC Pharm,Delmenhorst,Germany,53.0506,8.6317,Pharmacy
CUST-6113,Turner Ltd Pharmacy,Dortmund,Germany,51.5139,7.4653,Pharmacy
CUST-6114,Hermiston and Sons Pharmaceutical Ltd,Geislingen an der Steige,Germany,48.6244,9.8306,Pharmacy
CUST-6115,Ward Group Pharma Plc,Barsinghausen,Germany,52.3031,9.4606,Pharmacy
CUST-6116,Gerlach LLC Pharmacy,Hofheim,Germany,50.0876,8.4447,Pharmacy
CUST-6117,Raynor-Graham ,Wedel,Germany,53.5833,9.7,Pharmacy
CUST-6118,"Cormier, Dietrich and Zulauf Pharmacy",Riesa,Germany,51.3081,13.2939,Pharmacy
CUST-6119,Bashirian Group ,Pforzheim,Germany,48.895,8.705,Pharmacy
CUST-6120,Watsica-Kovacek Pharmacy,Hameln,Germany,52.1031,9.36,Pharmacy
CUST-6121,Rohan PLC Pharmacy,SchwÃ¤bisch Hall,Germany,49.1122,9.7375,Pharmacy
CUST-6122,Collins-Schmidt Pharma Plc,Marburg,Germany,50.8167,8.7667,Pharmacy
CUST-6123,Kohler-Bednar Pharmaceutical Ltd,LÃ¼beck,Germany,53.8697,10.6864,Hospital
CUST-6124,Turner Ltd ,Porta Westfalica,Germany,52.2167,8.9333,Hospital
CUST-6125,Hermiston LLC Pharmaceutical Limited,Gevelsberg,Germany,51.3265,7.3559,Pharmacy
CUST-6126,"Ondricka, Rosenbaum and Beahan Pharm",Iserlohn,Germany,51.3833,7.6667,Hospital
CUST-6127,"Schinner, Gaylord and Treutel Pharmacy",Hamm,Germany,51.6667,7.8167,Pharmacy
CUST-6128,"Reinger, Kihn and Goyette Pharmaceutical Limited",Overath,Germany,50.95,7.3,Hospital
CUST-6129,Leannon-West Pharmaceutical Limited,Bocholt,Germany,51.8333,6.6167,Hospital
CUST-6130,Durgan-Rice Pharmacy,Dormagen,Germany,51.0964,6.84,Pharmacy
CUST-6131,Welch-Orn Pharmacy,Bingen am Rhein,Germany,49.9669,7.895,Hospital
CUST-6132,Emard-O'Connell Pharm,Rosenheim,Germany,47.8561,12.1289,Pharmacy
CUST-6133,Osinski-Collins Pharma Plc,Potsdam,Germany,52.4,13.0667,Hospital
CUST-6134,Skiles-McKenzie Pharmaceutical Limited,Westerstede,Germany,53.25,7.9167,Hospital
CUST-6135,"Johnson, Friesen and Torphy Pharm",Ravensburg,Germany,47.7831,9.6114,Hospital
CUST-6136,Kling Inc ,Itzehoe,Germany,53.925,9.5164,Hospital
CUST-6137,Mraz-Kutch Pharmacy,Bad Salzuflen,Germany,52.0875,8.7506,Hospital
CUST-6138,"Prohaska, Bogisich and Gutkowski Pharmaceutical Limited",Weinheim,Germany,49.5561,8.6697,Hospital
CUST-6139,Fadel-West Pharmaceutical Ltd,Filderstadt,Germany,48.6667,9.2167,Pharmacy
CUST-6140,"Nitzsche, Effertz and Maggio ",Bayreuth,Germany,49.9481,11.5783,Hospital
CUST-6141,Kris LLC Pharmacy,Halberstadt,Germany,51.8958,11.0467,Hospital
CUST-6142,Legros-Runte Pharmaceutical Ltd,Baden-Baden,Germany,48.7619,8.2408,Hospital
CUST-6143,Schuppe Inc Pharm,Traunstein,Germany,47.8683,12.6433,Pharmacy
CUST-6144,Barrows Inc Pharmaceutical Limited,Speyer,Germany,49.3194,8.4311,Pharmacy
CUST-6145,"Corkery, Trantow and Ferry Pharma Plc",Geesthacht,Germany,53.4381,10.3747,Pharmacy
CUST-6146,Osinski-Botsford Pharm,Meerbusch,Germany,51.2667,6.6667,Pharmacy
CUST-6147,Lockman-Welch Pharmaceutical Limited,ZweibrÃ¼cken,Germany,49.2494,7.3608,Pharmacy
CUST-6148,D'Amore and Sons Pharm,GÃ¶rlitz,Germany,51.1528,14.9872,Pharmacy
CUST-6149,Lockman-Welch ,Kiel,Germany,54.3233,10.1394,Hospital
CUST-6150,Reilly Ltd Pharma Plc,KÃ¶nigsbrunn,Germany,48.2689,10.8908,Hospital
CUST-6151,Skiles-McKenzie Pharmacy,Dreieich,Germany,50.0189,8.6961,Hospital
CUST-6152,"Barrows, Zboncak and Reichert Pharm",Aurich,Germany,53.4714,7.4836,Pharmacy
CUST-6153,"Effertz, Heaney and Tillman Pharma Plc",Bad Nauheim,Germany,50.3667,8.75,Hospital
CUST-6154,"Herman, Rice and Rippin Pharmaceutical Limited",Schorndorf,Germany,48.8,9.5333,Pharmacy
CUST-6155,"Effertz, Heaney and Tillman Pharm",Regensburg,Germany,49.0167,12.0833,Hospital
CUST-6156,"Watsica, Larson and Labadie Pharma Plc",Husum,Germany,54.4769,9.0511,Hospital
CUST-6157,Friesen Group ,Meiningen,Germany,50.55,10.4167,Pharmacy
CUST-6158,Reilly Ltd Pharmacy,Sindelfingen,Germany,48.7133,9.0028,Hospital
CUST-6159,"Roob, Ernser and Kub Pharmacy",GÃ¶ttingen,Germany,51.5339,9.9356,Pharmacy
CUST-6160,"Bernier, Murphy and Rau Pharmaceutical Limited",Oberhausen,Germany,51.4699,6.8514,Hospital
CUST-6161,"Lebsack, Yost and Heller Pharma Plc",IbbenbÃ¼ren,Germany,52.2778,7.7167,Pharmacy
CUST-6162,"Prohaska, Bogisich and Gutkowski Pharm",Bad Oldesloe,Germany,53.8117,10.3742,Hospital
CUST-6163,"Erdman, Senger and Oberbrunner Pharmacy",Straubing,Germany,48.8772,12.5758,Pharmacy
CUST-6164,Dach Ltd Pharma Plc,Karlsruhe,Germany,49.0167,8.4,Hospital
CUST-6165,Funk PLC Pharma Plc,Rietberg,Germany,51.8,8.4333,Pharmacy
CUST-6166,Kertzmann-Ward Pharmaceutical Limited,Goslar,Germany,51.906,10.4292,Pharmacy
CUST-6167,Herman-Koss Pharmaceutical Limited,Mosbach,Germany,49.35,9.1333,Hospital
CUST-6168,Armstrong Inc Pharm,Pfaffenhofen,Germany,48.5333,11.5167,Hospital
CUST-6169,Barton Ltd Pharm,Rendsburg,Germany,54.3044,9.6644,Pharmacy
CUST-6170,Miller-Satterfield Pharm,Heinsberg,Germany,51.0631,6.0964,Pharmacy
CUST-6171,Haley PLC Pharmacy,Kassel,Germany,51.3158,9.4979,Pharmacy
CUST-6172,"Pfannerstill, Upton and Balistreri Pharmacy",Dillingen,Germany,48.5667,10.4667,Hospital
CUST-6173,Cassin PLC Pharmaceutical Limited,WeiÃŸenfels,Germany,51.2,11.9667,Pharmacy
CUST-6174,Crona Group ,Viersen,Germany,51.2556,6.3917,Hospital
CUST-6175,Stehr-Champlin Pharmacy,Eberswalde,Germany,52.8331,13.8331,Pharmacy
CUST-6176,Schaefer LLC Pharma Plc,Stendal,Germany,52.6,11.85,Pharmacy
CUST-6177,"Hirthe, Williamson and Macejkovic ",Schwandorf,Germany,49.3236,12.0993,Pharmacy
CUST-6178,Kozey Ltd Pharma Plc,Griesheim,Germany,49.8594,8.5525,Pharmacy
CUST-6179,"Moen, Murazik and Smith Pharmaceutical Ltd",Ingolstadt,Germany,48.7636,11.4261,Hospital
CUST-6180,Mann-Waelchi Pharma Plc,Ulm,Germany,48.3984,9.9916,Hospital
CUST-6181,"Block, Thiel and Kuphal Pharm",Taunusstein,Germany,50.1435,8.1606,Hospital
CUST-6182,Predovic LLC Pharmaceutical Limited,Ingelheim,Germany,49.9747,8.0564,Pharmacy
CUST-6183,Goldner-Tillman Pharm,Dachau,Germany,48.2603,11.4342,Hospital
CUST-6184,Buckridge Inc Pharm,BrÃ¼hl,Germany,50.8333,6.9,Hospital
CUST-6185,Kihn Group ,Kleve,Germany,51.79,6.14,Pharmacy
CUST-6186,Dach Ltd Pharm,Saarlouis,Germany,49.3167,6.75,Pharmacy
CUST-6187,Medhurst-Beer Pharm,Viernheim,Germany,49.538,8.5792,Pharmacy
CUST-6188,Terry-Kub Pharmaceutical Ltd,Wegberg,Germany,51.1333,6.2667,Pharmacy
CUST-6189,Pfeffer-Kirlin Pharmacy,Ahlen,Germany,51.7633,7.8911,Pharmacy
CUST-6190,Kreiger Inc ,Burgdorf,Germany,52.45,10.0083,Pharmacy
CUST-6191,"Wisozk, Brekke and Bartoletti Pharmacy",Falkensee,Germany,52.5583,13.0917,Pharmacy
CUST-6192,Lemke Ltd Pharma Plc,Leverkusen,Germany,51.0333,6.9833,Pharmacy
CUST-6193,Buckridge-Davis Pharmaceutical Limited,Forchheim,Germany,49.7197,11.0581,Hospital
CUST-6194,Jakubowski Inc Pharmacy,Gladbeck,Germany,51.5713,6.9827,Pharmacy
CUST-6195,Fahey-Prosacco Pharmacy,Jena,Germany,50.9272,11.5864,Hospital
CUST-6196,Fritsch-Hauck Pharm,FÃ¼rstenwalde,Germany,52.3667,14.0667,Hospital
CUST-6197,Leannon-West ,RÃ¶srath,Germany,50.9,7.1833,Hospital
CUST-6198,Streich PLC Pharm,Radolfzell am Bodensee,Germany,47.7369,8.9697,Hospital
CUST-6199,"Koelpin, Luettgen and Abernathy Pharmaceutical Ltd",MÃ¶rfelden-Walldorf,Germany,49.9896,8.5661,Hospital
CUST-6200,"Schinner, Gaylord and Treutel Pharmaceutical Limited",Ahrensburg,Germany,53.6747,10.2411,Hospital
CUST-6201,Gottlieb-Koss Pharm,Hattingen,Germany,51.3992,7.1858,Pharmacy
CUST-6202,Feest-Roob Pharmaceutical Limited,Osterode,Germany,51.7286,10.2522,Pharmacy
CUST-6203,Rogahn-Klein Pharm,DonauwÃ¶rth,Germany,48.7184,10.777,Hospital
CUST-6204,Runolfsson-Powlowski Pharmacy,Crailsheim,Germany,49.1347,10.0706,Hospital
CUST-6205,"Kertzmann, Quitzon and Harris Pharmaceutical Limited",Forst,Germany,51.7333,14.6333,Pharmacy
CUST-6206,Koch-Osinski Pharmaceutical Ltd,Sankt Augustin,Germany,50.77,7.1867,Hospital
CUST-6207,Cartwright-Fay ,Stolberg,Germany,50.7667,6.2333,Hospital
CUST-6208,Rutherford and Sons Pharm,Meppen,Germany,52.6906,7.291,Hospital
CUST-6209,"Johns, Mueller and Nitzsche Pharma Plc",Hemer,Germany,51.3833,7.7667,Pharmacy
CUST-6210,Murray PLC ,Wesel,Germany,51.6586,6.6178,Pharmacy
CUST-6211,"Moen, Murazik and Smith Pharm",Altenburg,Germany,50.985,12.4333,Hospital
CUST-6212,Yundt-Crona Pharm,Pinneberg,Germany,53.6591,9.8009,Hospital
CUST-6213,Lockman Ltd Pharma Plc,Bad TÃ¶lz,Germany,47.7603,11.5567,Hospital
CUST-6214,"Wuckert, Kreiger and Howell Pharma Plc",Lippstadt,Germany,51.6667,8.35,Hospital
CUST-6215,Balistreri Group Pharm,BÃ¶blingen,Germany,48.6833,9,Hospital
CUST-6216,"Hammes, Bashirian and Pacocha ",Aschaffenburg,Germany,49.9757,9.1478,Pharmacy
CUST-6217,Schmitt LLC Pharma Plc,Konstanz,Germany,47.6633,9.1753,Pharmacy
CUST-6218,Doyle-Tillman Pharmaceutical Limited,Zirndorf,Germany,49.45,10.95,Pharmacy
CUST-6219,"Wuckert, Kreiger and Howell ",Idar-Oberstein,Germany,49.7019,7.3253,Hospital
CUST-6220,Koss Ltd Pharma Plc,Dingolfing,Germany,48.6333,12.5,Pharmacy
CUST-6221,Kozey-Emmerich ,WÃ¼rselen,Germany,50.8247,6.1275,Hospital
CUST-6222,Pfannerstill Group ,Calw,Germany,48.7144,8.7375,Hospital
CUST-6223,Jakubowski Inc Pharma Plc,TÃ¶nisvorst,Germany,51.3208,6.4931,Hospital
CUST-6224,"Wunsch, Mills and Walter Pharm",Kempen,Germany,51.3658,6.4194,Pharmacy
CUST-6225,"Hahn, Rutherford and Gislason Pharm",Kulmbach,Germany,50.1,11.4333,Pharmacy
CUST-6226,Leuschke PLC Pharmaceutical Ltd,Worms,Germany,49.6319,8.3653,Pharmacy
CUST-6227,Hartmann-Wolf Pharmaceutical Limited,Kitzingen,Germany,49.7333,10.1667,Hospital
CUST-6228,"Bogan, Jacobs and Kris Pharmaceutical Ltd",Heppenheim,Germany,49.6415,8.645,Hospital
CUST-6229,Legros-Runte Pharmaceutical Limited,Neckarsulm,Germany,49.1917,9.2244,Hospital
CUST-6230,Pfeffer-Hodkiewicz ,Nordenham,Germany,53.5,8.4667,Hospital
CUST-6231,"Wunsch, Mills and Walter Pharmaceutical Limited",MÃ¼nster,Germany,51.9625,7.6256,Pharmacy
CUST-6232,Gulgowski-Vandervort Pharm,Rathenow,Germany,52.6,12.3333,Hospital
CUST-6233,Mraz-Kutch Pharma Plc,Butzbach,Germany,50.4367,8.6622,Pharmacy
CUST-6234,Mills Inc Pharmaceutical Ltd,Emsdetten,Germany,52.1728,7.5344,Hospital
CUST-6235,Block-Romaguera ,Remscheid,Germany,51.1906,7.2247,Pharmacy
CUST-6236,Breitenberg-Kuhn ,Duisburg,Germany,51.4322,6.7611,Pharmacy
CUST-6237,Bartoletti-Altenwerth Pharm,Aalen,Germany,48.8372,10.0936,Hospital
CUST-6238,Hane Ltd Pharmaceutical Ltd,Aichach,Germany,48.45,11.1333,Hospital
CUST-6239,Mayert-Weber Pharmaceutical Ltd,Apolda,Germany,51.0247,11.5139,Pharmacy
CUST-6240,Powlowski-Buckridge ,SprockhÃ¶vel,Germany,51.3614,7.244,Hospital
CUST-6241,Balistreri Group Pharmacy,Bad Honnef am Rhein,Germany,50.645,7.2269,Pharmacy
CUST-6242,"Wintheiser, Breitenberg and Gottlieb ",BÃ¼nde,Germany,52.2,8.6,Hospital
CUST-6243,Jacobs-Jones Pharmaceutical Ltd,Flensburg,Germany,54.7819,9.4367,Pharmacy
CUST-6244,Feest-Kshlerin ,Velbert,Germany,51.34,7.0416,Hospital
CUST-6245,West Group Pharm,Langenfeld,Germany,51.1167,6.95,Pharmacy
CUST-6246,"Kshlerin, Ryan and Leuschke ",Goch,Germany,51.6839,6.1619,Pharmacy
CUST-6247,Senger-Kirlin Pharma Plc,Soest,Germany,51.5711,8.1092,Hospital
CUST-6248,Funk and Sons Pharm,GieÃŸen,Germany,50.5833,8.6667,Pharmacy
CUST-6249,"Hills, Stroman and Ernser ",Rheda-WiedenbrÃ¼ck,Germany,51.8417,8.3,Pharmacy
CUST-6250,Predovic LLC Pharmaceutical Ltd,Hannover,Germany,52.3744,9.7386,Pharmacy
CUST-6251,Mann-Waelchi Pharmacy,Achim,Germany,53.013,9.033,Hospital
CUST-6252,Sauer-Herzog Pharmacy,Winsen,Germany,53.3667,10.2167,Pharmacy
CUST-6253,Kozey-Emmerich Pharmacy,Marktoberdorf,Germany,47.7667,10.6167,Hospital
CUST-6254,"Yundt, Leuschke and Ward ",Wittlich,Germany,49.9869,6.8897,Pharmacy
CUST-6255,Waelchi LLC Pharmaceutical Limited,Essen,Germany,51.4508,7.0131,Hospital
CUST-6256,Sipes and Sons Pharma Plc,Radebeul,Germany,51.1033,13.67,Hospital
CUST-6257,Terry-Kub Pharma Plc,Weimar,Germany,50.9833,11.3167,Pharmacy
CUST-6258,Murray PLC Pharma Plc,Reinbek,Germany,53.5089,10.2483,Hospital
CUST-6259,Veum-Kerluke Pharma Plc,Wismar,Germany,53.8925,11.465,Pharmacy
CUST-6260,"Hammes, Bashirian and Pacocha Pharmacy",Schwelm,Germany,51.2904,7.2972,Pharmacy
CUST-6261,"Gerhold, Mills and Effertz ",Ansbach,Germany,49.3,10.5833,Hospital
CUST-6262,Mayert-Weber ,Homburg,Germany,49.3167,7.3333,Pharmacy
CUST-6263,"Kub, Von and Herzog Pharmaceutical Limited",Freudenstadt,Germany,48.4633,8.4111,Hospital
CUST-6264,McDermott Inc Pharmacy,Frankenthal,Germany,49.5333,8.35,Hospital
CUST-6265,"Upton, Abernathy and Goodwin Pharmaceutical Limited",Detmold,Germany,51.9378,8.8833,Hospital
CUST-6266,Lindgren-Simonis Pharmacy,Neumarkt,Germany,49.2833,11.4667,Hospital
CUST-6267,Cummings LLC Pharmaceutical Ltd,Sundern,Germany,51.3167,8,Pharmacy
CUST-6268,Kris LLC Pharmaceutical Limited,Herten,Germany,51.6,7.1333,Hospital
CUST-6269,"Koelpin, Luettgen and Abernathy Pharmacy",Wuppertal,Germany,51.2667,7.1833,Hospital
CUST-6270,Okuneva-Corkery Pharma Plc,Bornheim,Germany,50.7592,7.005,Pharmacy
CUST-6271,Cartwright-Fay Pharmaceutical Ltd,Wangen im AllgÃ¤u,Germany,47.6858,9.8342,Pharmacy
CUST-6272,"Hills, Stroman and Ernser Pharmaceutical Ltd",Zittau,Germany,50.8961,14.8072,Pharmacy
CUST-6273,Kozey-Schroeder Pharm,Heiligenhaus,Germany,51.3265,6.971,Hospital
CUST-6274,"Crist, Wisoky and Nolan Pharm",Bielefeld,Germany,52.0167,8.5333,Hospital
CUST-6275,Hill Ltd Pharma Plc,Seelze,Germany,52.3961,9.5981,Hospital
CUST-6276,Welch-Orn Pharm,Emden,Germany,53.3669,7.2061,Hospital
CUST-6277,Feest-Roob Pharmacy,Nordhausen,Germany,51.505,10.7911,Hospital
CUST-6278,Ritchie-Rodriguez Pharmacy,Herford,Germany,52.1146,8.6734,Pharmacy
CUST-6279,"Buckridge, Hand and Hyatt ",Dinslaken,Germany,51.5667,6.7333,Pharmacy
CUST-6280,"Parisian, Hagenes and Skiles Pharm",Greiz,Germany,50.6547,12.1997,Hospital
CUST-6281,Purdy Ltd Pharm,Korbach,Germany,51.2719,8.8731,Pharmacy
CUST-6282,"Daniel, Baumbach and Nitzsche Pharmacy",Kempten,Germany,47.7333,10.3167,Pharmacy
CUST-6283,"Kuphal, Herzog and Purdy Pharmaceutical Limited",Erding,Germany,48.3001,11.9082,Pharmacy
CUST-6284,"Buckridge, Dach and Carroll Pharmaceutical Ltd",Baunatal,Germany,51.2589,9.4183,Pharmacy
CUST-6285,"Heathcote, Grant and Witting Pharmaceutical Limited",Balingen,Germany,48.2731,8.8506,Pharmacy
CUST-6286,Romaguera-Fay Pharmaceutical Ltd,Langen,Germany,49.9893,8.6803,Hospital
CUST-6287,"Wiegand, Jast and Yost Pharmaceutical Ltd",Ludwigshafen,Germany,49.4811,8.4353,Pharmacy
CUST-6288,Schaefer Group ,Olpe,Germany,51.0289,7.8514,Pharmacy
CUST-6289,"Pfannerstill, Upton and Balistreri Pharm",Ilmenau,Germany,50.6872,10.9142,Pharmacy
CUST-6290,Kuhic LLC ,Schleswig,Germany,54.5153,9.5697,Pharmacy
CUST-6291,Crona PLC Pharmaceutical Ltd,SchloÃŸ Holte-Stukenbrock,Germany,51.8833,8.6167,Pharmacy
CUST-6292,"Blick, Pacocha and Schowalter Pharmacy",WÃ¼rzburg,Germany,49.7944,9.9294,Hospital
CUST-6293,"Romaguera, Moen and Hagenes Pharm",UnterschleiÃŸheim,Germany,48.2833,11.5667,Pharmacy
CUST-6294,McDermott Group Pharmacy,Leonberg,Germany,48.8014,9.0131,Hospital
CUST-6295,"Parker, Green and Emmerich Pharmacy",Frankfurt (Oder),Germany,52.35,14.55,Hospital
CUST-6296,Will and Sons Pharmacy,Suhl,Germany,50.6106,10.6931,Hospital
CUST-6297,Stanton-Cole Pharma Plc,Andernach,Germany,50.4397,7.4017,Hospital
CUST-6298,Paucek PLC Pharm,Bruchsal,Germany,49.1333,8.6,Pharmacy
CUST-6299,Harris-Conroy Pharmacy,Wilhelmshaven,Germany,53.5167,8.1333,Pharmacy
CUST-6300,"Wintheiser, Breitenberg and Gottlieb Pharma Plc",Warstein,Germany,51.45,8.3667,Pharmacy
CUST-6301,"Kutch, Daniel and Ortiz Pharm",Gummersbach,Germany,51.0333,7.5667,Hospital
CUST-6302,Keeling LLC Pharmaceutical Limited,Gelsenkirchen,Germany,51.5167,7.1,Hospital
CUST-6303,Fritsch LLC Pharmaceutical Ltd,MÃ¼lheim,Germany,51.4283,6.8789,Hospital
CUST-6304,Herman-Koss Pharmaceutical Ltd,Gifhorn,Germany,52.4886,10.5464,Hospital
CUST-6305,"Block, Thiel and Kuphal Pharmaceutical Limited",Ludwigsburg,Germany,48.8975,9.1919,Hospital
CUST-6306,Rosenbaum-Tromp Pharm,BÃ¼hl,Germany,48.6953,8.135,Hospital
CUST-6307,Carter-Conn Pharmaceutical Ltd,GÃ¼nzburg,Germany,48.4525,10.2711,Pharmacy
CUST-6308,"Romaguera, Moen and Hagenes Pharmacy",Castrop-Rauxel,Germany,51.55,7.3167,Hospital
CUST-6309,Buckridge-Davis Pharmaceutical Ltd,Herne,Germany,51.5426,7.219,Pharmacy
CUST-6310,Osinski-Collins ,Rheinfelden (Baden),Germany,47.5611,7.7917,Hospital
CUST-6311,Koss Ltd Pharmaceutical Ltd,LÃ¶hne,Germany,52.2,8.7,Pharmacy
CUST-6312,Reichel Inc ,Trier,Germany,49.7567,6.6414,Hospital
CUST-6313,Gottlieb-Cruickshank Pharm,Schwabach,Germany,49.3292,11.0208,Pharmacy
CUST-6314,White Inc Pharmacy,Bad Homburg,Germany,50.2292,8.6105,Hospital
CUST-6315,Paucek PLC ,Espelkamp,Germany,52.3772,8.6328,Pharmacy
CUST-6316,"Greenholt, Donnelly and O'Reilly Pharmaceutical Ltd",Villingen-Schwenningen,Germany,48.0603,8.4586,Pharmacy
CUST-6317,"Spinka, Schowalter and Conn ",Bergheim,Germany,50.9667,6.65,Pharmacy
CUST-6318,"Nolan, DuBuque and Schultz Pharmacy",Wernigerode,Germany,51.835,10.7853,Pharmacy
CUST-6319,Harris-Conroy Pharm,Oelde,Germany,51.8258,8.1436,Pharmacy
CUST-6320,"Torphy, Pfeffer and Jakubowski Pharm",Limburg,Germany,50.3833,8.0667,Pharmacy
CUST-6321,Prohaska-Kuhic Pharmaceutical Limited,Wittmund,Germany,53.5747,7.7808,Hospital
CUST-6322,Veum and Sons Pharmaceutical Limited,Landsberg,Germany,48.0528,10.8689,Pharmacy
CUST-6323,Hoeger Ltd ,Heidenheim,Germany,48.6761,10.1544,Pharmacy
CUST-6324,"Blanda, Stehr and Gleason Pharmaceutical Ltd",Kamen,Germany,51.5917,7.6653,Pharmacy
CUST-6325,McDermott Inc Pharma Plc,StaÃŸfurt,Germany,51.8667,11.5667,Pharmacy
CUST-6326,Armstrong Inc Pharma Plc,Passau,Germany,48.5667,13.4667,Pharmacy
CUST-6327,"Koch, Borer and Hagenes Pharmaceutical Ltd",Lauf,Germany,49.5103,11.2772,Hospital
CUST-6328,Walter Ltd Pharmaceutical Limited,Neubrandenburg,Germany,53.5569,13.2608,Pharmacy
CUST-6329,Hayes-Kilback Pharma Plc,Arnsberg,Germany,51.3967,8.0644,Pharmacy
CUST-6330,Rohan Inc Pharmaceutical Limited,Amberg,Germany,49.4444,11.8483,Pharmacy
CUST-6331,Beier PLC Pharm,HÃ¼ckelhoven,Germany,51.0608,6.2197,Pharmacy
CUST-6332,"Reynolds, Jast and Mante ",Achern,Germany,48.6314,8.0739,Pharmacy
CUST-6333,Abernathy and Sons ,Freiburg im Breisgau,Germany,47.9947,7.8497,Pharmacy
CUST-6334,Wehner-Stehr Pharm,Chemnitz,Germany,50.8333,12.9167,Hospital
CUST-6335,Gleason PLC Pharma Plc,Bad Reichenhall,Germany,47.7247,12.8769,Pharmacy
CUST-6336,Smith Inc Pharmacy,Kirchheim unter Teck,Germany,48.6483,9.4511,Pharmacy
CUST-6337,Vandervort LLC Pharmaceutical Ltd,Rottweil,Germany,48.1681,8.6247,Hospital
CUST-6338,"Wiegand, Jast and Yost ",Korschenbroich,Germany,51.1833,6.5167,Pharmacy
CUST-6339,Parisian Ltd Pharma Plc,Paderborn,Germany,51.7167,8.7667,Hospital
CUST-6340,Walsh-Brown Pharmaceutical Ltd,Bernburg,Germany,51.8,11.7333,Hospital
CUST-6341,Kozey Ltd Pharmacy,Stralsund,Germany,54.3,13.0833,Pharmacy
CUST-6342,Quigley-Heathcote Pharmaceutical Ltd,Lohmar,Germany,50.8415,7.2166,Hospital
CUST-6343,Rowe PLC ,LÃ¶rrach,Germany,47.6156,7.6614,Hospital
CUST-6344,Nader-Borer Pharmaceutical Limited,Grimma,Germany,51.2386,12.7253,Hospital
CUST-6345,Bashirian-Kassulke Pharmacy,Kamp-Lintfort,Germany,51.5,6.5333,Hospital
CUST-6346,Wolff Group ,Pfungstadt,Germany,49.8056,8.6044,Pharmacy
CUST-6347,Hill-Daniel Pharmaceutical Ltd,NeumÃ¼nster,Germany,54.0714,9.99,Hospital
CUST-6348,"Watsica, Larson and Labadie Pharmaceutical Ltd",Nettetal,Germany,51.3167,6.2833,Hospital
CUST-6349,Erdman PLC ,Holzminden,Germany,51.8297,9.4483,Pharmacy
CUST-6350,"Langworth, Olson and Satterfield Pharmacy",Meschede,Germany,51.3503,8.2836,Hospital
CUST-6351,Reinger Group Pharma Plc,Weil am Rhein,Germany,47.5947,7.6108,Pharmacy
CUST-6352,Monahan Ltd Pharma Plc,GÃ¼strow,Germany,53.7939,12.1764,Pharmacy
CUST-6353,Purdy Ltd ,Erkelenz,Germany,51.08,6.3156,Pharmacy
CUST-6354,"Erdman, Senger and Oberbrunner Pharmaceutical Ltd",Geretsried,Germany,47.8667,11.4667,Hospital
CUST-6355,Cummings LLC ,SchwÃ¤bisch GmÃ¼nd,Germany,48.8,9.8,Hospital
CUST-6356,Kihn Group Pharm,Vaihingen an der Enz,Germany,48.9328,8.9564,Hospital
CUST-6357,Leuschke PLC Pharm,Gaggenau,Germany,48.8039,8.3194,Hospital
CUST-6358,"Upton, Abernathy and Goodwin Pharm",Kelkheim (Taunus),Germany,50.138,8.4525,Pharmacy
CUST-6359,Feest-Kshlerin Pharma Plc,Merzig,Germany,49.4471,6.6312,Hospital
CUST-6360,Gibson-Hill ,Troisdorf,Germany,50.8161,7.1556,Pharmacy
CUST-6361,"Spinka, Schowalter and Conn Pharma Plc",Emmendingen,Germany,48.1214,7.8492,Hospital
CUST-6362,"Leuschke, Waters and Schowalter Pharma Plc",Herzogenrath,Germany,50.8667,6.1,Pharmacy
CUST-6363,Fahey-Prosacco Pharmaceutical Limited,Einbeck,Germany,51.8167,9.8667,Pharmacy
CUST-6364,"Casper, Hyatt and Jakubowski Pharmaceutical Ltd",Neuburg,Germany,48.7333,11.1833,Pharmacy
CUST-6365,Gerlach PLC Pharmaceutical Ltd,LÃ¼nen,Germany,51.6167,7.5167,Hospital
CUST-6366,Vandervort LLC Pharm,Stade,Germany,53.6008,9.4764,Pharmacy
CUST-6367,Miller-Satterfield Pharmaceutical Limited,Bad Kissingen,Germany,50.2,10.0667,Pharmacy
CUST-6368,"Torphy, Pfeffer and Jakubowski Pharmaceutical Ltd",Leipzig,Germany,51.35,12.3833,Pharmacy
CUST-6369,"Haag, Bradtke and Terry Pharm",Hanau,Germany,50.1328,8.9169,Hospital
CUST-6370,Bosco-Marquardt Pharmaceutical Ltd,HÃ¶xter,Germany,51.7667,9.3667,Hospital
CUST-6371,Breitenberg-Kuhn Pharma Plc,Cloppenburg,Germany,52.8478,8.0439,Pharmacy
CUST-6372,"Brakus, Rempel and Harber Pharm",Winnenden,Germany,48.8764,9.3978,Hospital
CUST-6373,McKenzie-Zemlak Pharma Plc,Unna,Germany,51.5347,7.6889,Pharmacy
CUST-6374,"Buckridge, Dach and Carroll ",Friedrichshafen,Germany,47.6542,9.4792,Pharmacy
CUST-6375,"Funk, Ratke and Heaney ",Bad DÃ¼rkheim,Germany,49.4618,8.1724,Pharmacy
CUST-6376,Crist LLC ,MÃ¼hlacker,Germany,48.95,8.8392,Pharmacy
CUST-6377,Marquardt PLC Pharmaceutical Ltd,Offenburg,Germany,48.4708,7.9408,Hospital
CUST-6378,Erdman PLC Pharma Plc,Freital,Germany,51.0167,13.65,Hospital
CUST-6379,Runolfsson-Halvorson Pharmacy,Recklinghausen,Germany,51.6167,7.2,Pharmacy
CUST-6380,Goldner-Tillman Pharmacy,Petershagen,Germany,52.3833,8.9667,Pharmacy
CUST-6381,Friesen Group Pharm,Erkrath,Germany,51.2239,6.9147,Hospital
CUST-6382,"Corkery, Trantow and Ferry Pharm",Hildesheim,Germany,52.15,9.95,Hospital
CUST-6383,Crist LLC Pharma Plc,Neustadt,Germany,49.35,8.15,Pharmacy
CUST-6384,Rutherford and Sons Pharmaceutical Ltd,Dresden,Germany,51.0493,13.7384,Hospital
CUST-6385,Roob PLC Pharm,Weiterstadt,Germany,49.9,8.6,Hospital
CUST-6386,Bosco-Marquardt Pharmaceutical Limited,Brandenburg,Germany,52.4117,12.5561,Hospital
CUST-6387,Botsford PLC ,Reutlingen,Germany,48.4833,9.2167,Hospital
CUST-6388,Doyle-Tillman Pharm,Erftstadt,Germany,50.8167,6.7667,Hospital
CUST-6389,Smith Inc Pharm,Luckenwalde,Germany,52.0831,13.1667,Pharmacy
CUST-6390,Sauer and Sons Pharmacy,HÃ¼rth,Germany,50.8775,6.8761,Pharmacy
CUST-6391,Boyer and Sons ,Greifswald,Germany,54.0833,13.3833,Pharmacy
CUST-6392,Koch-Osinski Pharmacy,Hamminkeln,Germany,51.7319,6.5908,Pharmacy
CUST-6393,"Gleichner, Bahringer and Morar Pharmaceutical Limited",Freising,Germany,48.4028,11.7489,Pharmacy
CUST-6394,Heidenreich Group Pharmacy,Leer,Germany,53.2308,7.4528,Pharmacy
CUST-6395,White Inc Pharm,Ehingen an der Donau,Germany,48.2833,9.7236,Pharmacy
CUST-6396,"Heathcote, Kovacek and Parker ",Hof,Germany,50.3167,11.9167,Pharmacy
CUST-6397,Upton PLC Pharma Plc,Munich,Germany,48.1372,11.5755,Hospital
CUST-6398,"Schmitt, Berge and Haley Pharmaceutical Ltd",Coburg,Germany,50.2666,10.9666,Pharmacy
CUST-6399,"Nolan, DuBuque and Schultz ",Oldenburg,Germany,53.1439,8.2139,Hospital
CUST-6400,Lesch PLC Pharma Plc,KÃ¶nigs Wusterhausen,Germany,52.2917,13.625,Pharmacy
CUST-6401,"Crist, Wisoky and Nolan Pharmaceutical Limited",Wermelskirchen,Germany,51.1392,7.2051,Hospital
CUST-6402,Raynor LLC Pharmaceutical Limited,Strausberg,Germany,52.5808,13.8814,Pharmacy
CUST-6403,Bashirian Group Pharmacy,GeorgsmarienhÃ¼tte,Germany,52.2031,8.0447,Pharmacy
CUST-6404,"Rodriguez, Stokes and Dickens ",Ostfildern,Germany,48.7228,9.2631,Hospital
CUST-6405,Kling Inc Pharm,Heilbronn,Germany,49.1404,9.218,Pharmacy
CUST-6406,"Herman, Rice and Rippin Pharm",Annaberg-Buchholz,Germany,50.58,13.0022,Pharmacy
CUST-6407,Beier PLC Pharma Plc,Lampertheim,Germany,49.5942,8.4671,Pharmacy
CUST-6408,"Buckridge, Hand and Hyatt Pharmaceutical Ltd",Bad Neuenahr-Ahrweiler,Germany,50.5447,7.1133,Pharmacy
CUST-6409,Hartmann-Wolf Pharmacy,Wunstorf,Germany,52.4238,9.4359,Pharmacy
CUST-6410,Lockman Ltd Pharm,Mettmann,Germany,51.25,6.9667,Pharmacy
CUST-6411,Huels-Klein ,Peine,Germany,52.3203,10.2336,Pharmacy
CUST-6412,Schaefer Group Pharmaceutical Ltd,Rodgau,Germany,50.0256,8.8841,Hospital
CUST-6413,"McClure, Zemlak and Dibbert Pharmacy",Beckum,Germany,51.7558,8.0408,Hospital
CUST-6414,Cremin-Zemlak Pharmaceutical Limited,Cottbus,Germany,51.7606,14.3342,Pharmacy
CUST-6415,Osinski-Botsford Pharmacy,Wiesloch,Germany,49.2942,8.6983,Hospital
CUST-6416,Konopelski-Blick Pharmaceutical Limited,Bramsche,Germany,52.4089,7.9728,Hospital
CUST-6417,Runte-Marquardt Pharm,Wittenberg,Germany,51.8671,12.6484,Hospital
CUST-6418,Schaefer-Rolfson Pharmacy,Germersheim,Germany,49.2167,8.3667,Pharmacy
CUST-6419,"Beer, Kohler and Beatty Pharmacy",Obertshausen,Germany,50.0715,8.8482,Pharmacy
CUST-6420,Gibson-Hill Pharmaceutical Limited,Friedberg,Germany,50.3353,8.755,Pharmacy
CUST-6421,McCullough LLC Pharmaceutical Limited,Nuremberg,Germany,49.4528,11.0778,Pharmacy
CUST-6422,Hermiston LLC Pharmaceutical Ltd,Weingarten,Germany,47.8078,9.6417,Pharmacy
CUST-6423,"Heathcote, Grant and Witting Pharmacy",Braunschweig,Germany,52.2692,10.5211,Hospital
CUST-6424,Kohler-Bednar Pharm,Bad Vilbel,Germany,50.1781,8.7361,Hospital
CUST-6425,Jast-Cruickshank Pharmaceutical Ltd,DÃ¼sseldorf,Germany,51.2311,6.7724,Pharmacy
CUST-6426,Schaden-Hirthe ,Kaiserslautern,Germany,49.4447,7.7689,Pharmacy
CUST-6427,Carter-Conn Pharm,Lemgo,Germany,52.0277,8.9043,Pharmacy
CUST-6428,Feest PLC Pharmaceutical Limited,GÃ¶ppingen,Germany,48.7025,9.6528,Pharmacy
CUST-6429,Watsica-Kovacek Pharmaceutical Ltd,Leimen,Germany,49.3481,8.6911,Pharmacy
CUST-6430,Boyer and Sons Pharmaceutical Ltd,Arnstadt,Germany,50.8342,10.9464,Hospital
CUST-6431,"Bogan, Jacobs and Kris Pharmaceutical Limited",Wetzlar,Germany,50.5667,8.5,Pharmacy
CUST-6432,Nader-Borer Pharm,Kerpen,Germany,50.8719,6.6961,Hospital
CUST-6433,Bayer LLC ,Rudolstadt,Germany,50.7169,11.3275,Hospital
CUST-6434,Weber Ltd Pharmacy,Halle,Germany,51.4828,11.9697,Pharmacy
CUST-6435,Fahey-Flatley ,Hagen,Germany,51.3594,7.475,Hospital
CUST-6436,"Yundt, Leuschke and Ward Pharma Plc",Ahaus,Germany,52.0794,7.0134,Pharmacy
CUST-6437,"Kuphal, Herzog and Purdy ",Berlin,Germany,52.5167,13.3833,Hospital
CUST-6438,Tillman Group Pharma Plc,Neu-Ulm,Germany,48.3833,10,Hospital
CUST-6439,Mills Inc Pharmacy,Bremen,Germany,53.1153,8.7975,Pharmacy
CUST-6440,Gottlieb-Koss Pharmacy,Sangerhausen,Germany,51.4667,11.3,Hospital
CUST-6441,Rohan Inc Pharm,Weilheim,Germany,47.8333,11.1333,Hospital
CUST-6442,Corkery-Kovacek Pharma Plc,Frankfurt,Germany,50.1136,8.6797,Pharmacy
CUST-6443,Steuber Ltd Pharmaceutical Limited,Ennepetal,Germany,51.3021,7.3425,Pharmacy
CUST-6444,Hill-Daniel ,Derne,Germany,51.6667,7.6167,Hospital
CUST-6445,"Cormier, Dietrich and Zulauf Pharmaceutical Limited",Esslingen,Germany,48.7406,9.3108,Hospital
CUST-6446,"Blick, Pacocha and Schowalter Pharmaceutical Limited",DelbrÃ¼ck,Germany,51.7667,8.5667,Hospital
CUST-6447,"Steuber, Skiles and Kilback Pharmacy",Datteln,Germany,51.6539,7.3417,Pharmacy
CUST-6448,Hoeger Ltd Pharm,Lennestadt,Germany,51.1236,8.0681,Pharmacy
CUST-6449,Mante-Grady Pharmaceutical Ltd,Laatzen,Germany,52.3077,9.8133,Pharmacy
CUST-6450,Trantow LLC Pharmacy,Landau,Germany,49.1994,8.1231,Hospital
CUST-6451,Mante-Grady Pharma Plc,Sonthofen,Germany,47.5142,10.2817,Hospital
CUST-6452,Huel Inc Pharm,Zwickau,Germany,50.7189,12.4961,Pharmacy
CUST-6453,"Wisozk, Brekke and Bartoletti ",Sonneberg,Germany,50.35,11.1667,Hospital
CUST-6454,Huels-Klein Pharmaceutical Ltd,Helmstedt,Germany,52.2281,11.0106,Pharmacy
